ID,Prediction
user0x901,1
user0x1124,0
user0x696,0
user0x1351,1
user0x1065,0
user0x673,1
user0x5f8,0
user0x18ca,1
user0x182d,1
user0x150d,1
user0xa0f,0
user0x117a,1
user0x963,0
user0x42e,1
user0xc90,1
user0x16e0,1
user0xdce,0
user0x7c5,0
user0x1309,0
user0x613,1
user0x19d,1
user0xb66,0
user0xe7,1
user0x994,1
user0x12a8,0
user0x1a22,0
user0x1918,0
user0x1662,1
user0x10bd,0
user0x9d8,1
user0xcb3,0
user0xe7c,1
user0xf8,1
user0x1746,0
user0x11a6,0
user0x894,1
user0x1480,0
user0x1f7,1
user0x2b7,0
user0x3ad,0
user0x478,1
user0xb34,0
user0xfbd,1
user0x18dd,1
user0x16fb,1
user0x8cc,0
user0x75d,1
user0x145c,0
user0xb32,1
user0x837,1
user0xce4,0
user0x13a9,0
user0x60a,0
user0x1121,0
user0xc9e,0
user0xe8c,0
user0x1235,1
user0x1500,0
user0x1362,0
user0xbcf,0
user0x746,0
user0xce8,1
user0x199c,1
user0xbf1,0
user0x2f6,0
user0xdb,1
user0x1697,0
user0xfe8,0
user0x18a3,0
user0x1a5b,1
user0x1984,1
user0x122d,1
user0x5b1,1
user0x1ace,0
user0x17b6,0
user0x1382,0
user0xe3e,1
user0x862,1
user0x53e,1
user0xdc1,0
user0xe6f,1
user0x563,0
user0x8c3,0
user0x18e3,0
user0x5ee,0
user0x98c,0
user0x221,1
user0xdb8,0
user0x125a,0
user0x983,1
user0xf67,1
user0x2d4,1
user0x15e1,1
user0x12c6,0
user0x60e,1
user0x99d,1
user0x4d1,0
user0x77,1
user0xdc7,1
user0xf8e,1
user0x79e,0
user0x9b9,0
user0x896,0
user0xb7b,0
user0x10ce,0
user0x5d6,1
user0x1370,0
user0xb30,0
user0x12c5,1
user0x149a,0
user0xc6f,0
user0xb67,0
user0x19c5,0
user0x6af,1
user0x1545,0
user0x831,0
user0x11b2,0
user0x404,1
user0x604,0
user0x156d,0
user0xaa1,1
user0x1717,1
user0x257,1
user0x16b1,1
user0xdff,0
user0x97d,1
user0x157,1
user0x136a,1
user0xc00,0
user0xd4f,1
user0x342,1
user0xa1,1
user0x525,0
user0xd15,1
user0xe03,1
user0x1aa2,0
user0x5eb,0
user0xb43,0
user0xee1,1
user0x48a,0
user0x716,1
user0x795,0
user0x124a,0
user0xbd3,0
user0x6bb,1
user0x1099,0
user0x164e,1
user0x15f7,0
user0xd56,0
user0x702,0
user0xc93,0
user0x1af6,1
user0xb22,0
user0x107e,0
user0x1838,0
user0x91d,1
user0x19c2,1
user0x1146,1
user0xad8,0
user0xcc7,0
user0x6b2,1
user0x14e0,1
user0xb69,1
user0x9a6,0
user0xec4,0
user0x1a04,1
user0x1a86,1
user0x4c1,1
user0x73e,0
user0x1833,1
user0x14b9,0
user0x194c,1
user0xbdd,0
user0x1600,1
user0xb05,0
user0x6f9,1
user0x1347,1
user0xbbb,1
user0xc9f,0
user0x916,0
user0x11f2,1
user0x144,0
user0x1495,0
user0x125f,1
user0x1656,0
user0xccb,1
user0x1a34,0
user0x197,1
user0xa56,1
user0x1445,0
user0xb99,1
user0x15b1,1
user0x229,1
user0x7df,0
user0xa5b,1
user0x1ad8,1
user0x17a0,1
user0xd44,1
user0xa60,1
user0x2f9,1
user0xba2,1
user0x27a,0
user0x723,1
user0xf00,1
user0xa7c,0
user0x18ee,1
user0x1bc,1
user0x1345,1
user0xf29,0
user0x3ea,0
user0x12f4,1
user0x14e4,0
user0x186d,0
user0x62a,1
user0x1778,0
user0x1b10,0
user0xea,0
user0x49a,0
user0x1332,0
user0xad4,0
user0xe8d,1
user0x139a,0
user0x3cf,0
user0x11ff,0
user0x18f6,1
user0x12b4,0
user0x5e2,1
user0xe77,1
user0x11a0,0
user0x7c4,0
user0x52a,1
user0xdb9,0
user0x1777,0
user0x9d,0
user0x1990,0
user0xf3f,0
user0x1a4e,0
user0x1101,1
user0x57c,1
user0xf7b,1
user0x1264,1
user0xe80,1
user0x105a,1
user0x608,1
user0x186f,1
user0x7e9,1
user0xbec,0
user0xa3b,1
user0x1658,1
user0xf6d,1
user0x1639,0
user0x1555,0
user0x1685,1
user0x1380,0
user0xa61,0
user0x17d6,1
user0x9f0,0
user0x1446,1
user0xa97,0
user0x385,1
user0x1864,0
user0x1964,0
user0x157f,0
user0x91e,0
user0x1089,1
user0x11ad,1
user0xbcb,0
user0x186e,0
user0x12b,1
user0x67,0
user0x4d3,0
user0x922,0
user0x39f,1
user0x5a,0
user0x1364,0
user0x14c2,1
user0xa1d,1
user0x7a1,1
user0xa9,1
user0x162,0
user0x113d,0
user0x153c,1
user0x73,1
user0x1308,1
user0x5be,1
user0x1565,0
user0x17a2,1
user0xbfa,1
user0x167c,0
user0x106c,0
user0xa8a,1
user0x118f,1
user0x1394,0
user0x46f,1
user0x1299,1
user0x122b,0
user0xd98,1
user0x769,0
user0x929,0
user0x895,1
user0x1a4,0
user0xe78,0
user0x1ce,0
user0x176d,0
user0x12d9,1
user0x1928,1
user0x1088,0
user0x93,0
user0xf10,1
user0xd41,1
user0xe4d,0
user0x2ff,0
user0x14f5,1
user0x38a,0
user0x145,0
user0x16f9,0
user0x16af,1
user0x1791,0
user0xcc4,1
user0x104b,0
user0xebe,0
user0x1b1b,0
user0x139,1
user0x58e,0
user0xc8,0
user0x14ba,0
user0x11da,1
user0x1552,0
user0xc5a,0
user0x1447,1
user0xda,1
user0x21a,0
user0x17db,1
user0x1a05,1
user0x170,1
user0x1800,1
user0x1959,1
user0x8d0,0
user0x147e,0
user0x260,0
user0x658,0
user0x1a68,0
user0x112b,0
user0x141,0
user0xe05,0
user0x189c,1
user0x1306,0
user0x19bc,1
user0x166f,0
user0x1816,1
user0x6b6,0
user0x1359,1
user0xa00,1
user0x12e0,0
user0x8b9,0
user0x39d,1
user0x59b,1
user0x27,0
user0x1899,0
user0x8ed,0
user0xd10,0
user0x7ec,0
user0x10e7,0
user0x14ca,0
user0x719,0
user0x12e1,0
user0x17c3,1
user0x519,0
user0x1258,1
user0xcb,1
user0x65a,0
user0xc13,0
user0x162e,0
user0x2d9,0
user0x1788,1
user0x1aa4,0
user0xdba,0
user0x871,0
user0x18d0,0
user0x6ed,0
user0x149d,0
user0x367,1
user0x23d,1
user0xc73,0
user0x1a84,1
user0x7a6,0
user0x10bb,0
user0x319,0
user0x1691,0
user0xf20,1
user0xd4d,1
user0x502,0
user0xf85,0
user0xeb8,1
user0x189d,1
user0x1011,0
user0x17f9,0
user0x1248,1
user0x87e,1
user0xa78,1
user0x1626,1
user0xf36,0
user0x878,0
user0xb03,0
user0xfc4,1
user0x1170,0
user0x640,0
user0x4ee,1
user0x5dd,1
user0xd21,0
user0xa3c,0
user0x98a,0
user0x561,1
user0x820,0
user0xd77,1
user0x81b,0
user0xafc,1
user0x37f,0
user0xdb3,1
user0xc83,1
user0x1609,0
user0x630,0
user0x313,1
user0xfeb,1
user0xc27,1
user0xc69,0
user0x1bf,0
user0xaa2,1
user0x182a,0
user0x35f,0
user0x437,1
user0x977,0
user0x1129,1
user0xc12,0
user0x54b,0
user0x1712,0
user0xfa,0
user0x1785,0
user0x18ad,1
user0x918,0
user0x1300,0
user0xac4,1
user0x463,0
user0xe63,0
user0x951,0
user0x488,0
user0xf40,1
user0x10c8,1
user0x6c8,0
user0x1631,0
user0xe4c,1
user0x74,0
user0x1260,0
user0x127c,1
user0x1668,0
user0x9c2,1
user0x52e,0
user0xd29,1
user0xcd7,0
user0x1348,1
user0x1a93,0
user0xb65,1
user0x25f,1
user0x70f,1
user0xe04,0
user0x11a8,0
user0x48b,1
user0x1624,1
user0x19a3,0
user0xf1a,1
user0x10f1,1
user0xe1b,0
user0x152a,1
user0x10bf,0
user0x187e,1
user0x86,0
user0xfdf,0
user0x1b52,1
user0x3c8,1
user0x1874,1
user0x1afc,0
user0x13ac,0
user0x4c8,0
user0x4d0,1
user0xb95,1
user0xd88,0
user0xc37,0
user0x714,0
user0x134,1
user0x1605,0
user0x431,1
user0x1397,0
user0x12bd,0
user0x11d7,1
user0x1340,1
user0x2cd,1
user0x411,0
user0x89a,0
user0x1ab1,0
user0xebd,0
user0x136c,1
user0x1438,1
user0xa4d,0
user0x1aef,1
user0xf69,0
user0x77e,0
user0x21f,0
user0xcd9,0
user0x11f8,0
user0xdb1,0
user0xba,1
user0x6a7,1
user0x98d,1
user0x2ce,1
user0x64a,1
user0xeb9,0
user0x11f5,0
user0x1b6,1
user0x755,1
user0x6d4,1
user0x1a63,1
user0x12f0,1
user0x13ee,1
user0x173f,0
user0x1727,1
user0x1516,0
user0x99f,1
user0x6ff,1
user0x183c,0
user0x78d,1
user0xe13,0
user0x3bb,0
user0x16c8,0
user0x947,1
user0xd3e,0
user0x581,1
user0xf62,1
user0x120f,1
user0x19bf,1
user0xb0f,1
user0xe89,1
user0x142f,1
user0x8a5,0
user0x877,1
user0x7ef,1
user0x8d6,0
user0xa65,0
user0x15c1,1
user0x1671,0
user0x12a0,1
user0x1ab3,0
user0x1abd,0
user0x384,0
user0x1850,0
user0x105d,0
user0x15f4,1
user0x499,1
user0x6c4,0
user0x1698,0
user0x3d8,1
user0x524,0
user0xe42,1
user0xcbc,0
user0xe11,1
user0x15e3,0
user0x75c,1
user0x18b5,0
user0x1a0d,0
user0x36a,1
user0x194e,1
user0x19b7,1
user0xbab,1
user0x931,1
user0x1652,1
user0x1851,1
user0x128a,1
user0x15f5,0
user0xf42,1
user0x150b,1
user0x910,1
user0x167e,0
user0x46b,0
user0x1b01,0
user0x15ad,0
user0x45d,1
user0xcc3,1
user0xcb1,0
user0x28e,1
user0x1053,1
user0x6c7,1
user0xba6,1
user0x137,1
user0x144a,1
user0x1a29,0
user0x2da,1
user0xc33,0
user0x17b7,0
user0x949,1
user0xcab,1
user0x695,1
user0x16fd,1
user0x856,0
user0x4da,0
user0x1141,0
user0xd19,1
user0x19c3,1
user0xe3c,1
user0x1091,1
user0x588,0
user0x14b0,0
user0x1666,0
user0xed0,0
user0x8df,1
user0x13e8,1
user0x16f5,1
user0x829,0
user0x114,1
user0x1659,0
user0x190a,0
user0x220,1
user0x1207,0
user0x7d0,1
user0x18cd,0
user0x153e,1
user0x8dc,0
user0xb57,1
user0x1657,0
user0x741,0
user0x5e0,1
user0x150c,1
user0x12ba,1
user0x920,1
user0xeb6,0
user0xc7e,1
user0xa92,1
user0x79a,1
user0x1107,1
user0x173c,0
user0x1210,0
user0x84e,0
user0x1944,0
user0x1c0,0
user0x1267,0
user0x1173,0
user0xd9e,0
user0x1b33,1
user0xad5,0
user0x10fa,0
user0x55d,1
user0x1049,0
user0x151b,0
user0x2b3,1
user0x11b8,1
user0xe5f,0
user0x1620,0
user0x11c9,1
user0x18b3,0
user0x16ab,1
user0x19c4,1
user0x3e2,1
user0x11a2,1
user0x337,0
user0x1ab6,1
user0x51d,1
user0xcdb,1
user0x1102,0
user0x4f0,1
user0xae0,0
user0x100d,0
user0xd6b,0
user0x1499,0
user0x17cc,0
user0x11f3,1
user0x16a8,1
user0xd9b,0
user0x1670,1
user0x107b,1
user0x13a,1
user0xdeb,0
user0x1046,1
user0xf39,0
user0xd3c,1
user0x18a,1
user0x1051,1
user0x173d,0
user0xa05,1
user0x1330,0
user0x3a,0
user0x310,1
user0xdbc,0
user0xe5b,1
user0x1749,0
user0x26f,0
user0xe8f,0
user0x10dc,1
user0x1832,1
user0x1284,0
user0xd1a,1
user0x2ef,0
user0x1ab5,0
user0xd50,0
user0x19ad,0
user0x2ca,1
user0xd1e,0
user0xe55,1
user0x619,0
user0x961,1
user0x13f5,1
user0xabf,0
user0xdf2,0
user0x112c,0
user0x1b2c,1
user0x992,1
user0x1310,1
user0x166c,0
user0x1687,0
user0xa8e,0
user0xa5e,0
user0xb51,1
user0x63,1
user0x507,0
user0xf60,0
user0xe09,0
user0x534,0
user0x14c8,1
user0x13ea,0
user0x1b1,1
user0x8c6,1
user0x1d9,0
user0x10e2,1
user0x1764,1
user0xe5,1
user0x1a88,1
user0x2c8,1
user0x336,0
user0x7f5,1
user0x5e4,0
user0x10c3,1
user0xa37,0
user0x8f4,0
user0x1a02,1
user0x133,0
user0x1b25,1
user0x1331,0
user0x86c,0
user0x487,1
user0xa30,1
user0xc0d,1
user0x483,1
user0x10b2,0
user0x1fd,1
user0xd40,1
user0x939,0
user0x584,0
user0x1404,0
user0xa94,1
user0xb6f,0
user0x1914,1
user0xaff,1
user0xc17,1
user0x1c,0
user0xd92,1
user0x6d1,0
user0x17b4,0
user0x15cb,0
user0x9d2,1
user0x131c,0
user0x228,1
user0xff8,1
user0x1493,1
user0x811,0
user0xb47,1
user0x1365,0
user0x19ec,0
user0x16e4,1
user0x15f6,0
user0x15c5,0
user0x19d0,1
user0x1808,1
user0x13d3,1
user0x85c,0
user0xab0,1
user0x12d,0
user0xc28,1
user0x1702,0
user0x60c,1
user0x64f,1
user0x986,0
user0x1ae1,1
user0x2e9,1
user0xf5e,1
user0xd07,0
user0x3c1,0
user0x693,0
user0x4c0,0
user0x48d,1
user0x694,0
user0x1799,0
user0xc14,1
user0x9ba,1
user0x182,1
user0x8d,1
user0x6c3,0
user0xb5c,0
user0x874,0
user0xc8a,0
user0x145e,0
user0x11c8,0
user0x11e0,1
user0xd73,1
user0xa48,0
user0x7f6,0
user0x6cc,0
user0x36,0
user0x7e3,0
user0xd7b,0
user0x2af,1
user0x16c6,0
user0xd38,0
user0x40e,0
user0xaaa,1
user0x29d,0
user0x111a,0
user0x773,0
user0x116d,1
user0xf58,1
user0x1ae7,1
user0xfc6,1
user0xeaf,0
user0xdb4,1
user0x49f,1
user0x4f,0
user0x974,0
user0x13a5,0
user0x296,1
user0x22b,1
user0x142b,1
user0x936,1
user0xd2b,0
user0xe75,1
user0xf9f,0
user0xbfb,0
user0x1a95,1
user0x1193,1
user0x1758,0
user0x282,0
user0x254,0
user0xe22,0
user0x1782,0
user0xef8,1
user0x764,1
user0xf49,1
user0x479,1
user0x2c,0
user0x1304,1
user0x1435,1
user0xea2,1
user0x13ca,1
user0xb0c,1
user0x2a3,0
user0x162c,1
user0x12fe,0
user0x890,1
user0x125b,1
user0x1871,0
user0x8af,0
user0xc24,0
user0x273,1
user0x16b7,0
user0x1579,1
user0x4b6,1
user0x5e,0
user0x44e,0
user0xd48,0
user0x465,1
user0x1789,1
user0x22a,0
user0x543,0
user0x95e,1
user0x181f,0
user0xaf0,1
user0x1002,1
user0xa6,0
user0x1392,0
user0x1112,0
user0x616,0
user0xd3f,1
user0xf1f,1
user0x1327,0
user0xf79,1
user0x1738,0
user0x2d,1
user0x17a9,1
user0x775,0
user0x792,1
user0x21,0
user0x462,1
user0x494,0
user0x925,1
user0x1539,0
user0x875,1
user0x41b,1
user0x46c,1
user0x1000,1
user0x1645,0
user0x71e,0
user0x17ca,0
user0xb97,1
user0x601,1
user0x9bf,1
user0x152d,0
user0x1469,1
user0xa81,1
user0x160d,0
user0x1a47,0
user0x193e,0
user0x285,1
user0x1152,1
user0xbfd,0
user0x674,1
user0x989,0
user0x191c,0
user0x428,0
user0x174,0
user0x10ba,0
user0x17a4,0
user0x6d2,1
user0x51b,0
user0x11db,0
user0x11df,0
user0x13c9,1
user0x7c7,1
user0xf0b,1
user0x753,0
user0xcbf,0
user0x177b,0
user0xfd3,1
user0x164a,1
user0x7fd,0
user0xf0e,1
user0x179b,1
user0xb7f,0
user0x363,0
user0x1af8,1
user0x14bc,0
user0x4e8,1
user0xff7,0
user0x1078,1
user0x383,0
user0x697,1
user0xe83,0
user0x1688,0
user0x5e9,1
user0xbc,0
user0xab6,1
user0x147d,1
user0x11d,1
user0x12d3,1
user0x1a07,1
user0x4bd,1
user0xcdd,0
user0x11aa,1
user0x14b,0
user0x10a2,1
user0x533,1
user0x1208,0
user0xa93,0
user0x141e,1
user0x2a2,0
user0x1243,0
user0x128b,0
user0xff,1
user0x191a,1
user0x1661,0
user0x17f4,1
user0x1966,0
user0x9a9,1
user0x16d5,0
user0x1a87,0
user0x3b7,0
user0xc3c,0
user0x1942,0
user0x4ce,1
user0x1abc,0
user0x8b4,1
user0x12c7,1
user0x16bb,1
user0x15ac,0
user0x491,0
user0x1a51,1
user0x348,0
user0x69b,0
user0xfdc,0
user0x9af,1
user0x8e3,1
user0x154b,1
user0x14ef,0
user0x4e5,1
user0x12b5,0
user0xb6a,0
user0x1a30,0
user0x564,1
user0x5db,1
user0x1a54,1
user0x17f,1
user0x1643,0
user0xfd2,0
user0x14cc,0
user0x872,0
user0x1136,0
user0x6fe,1
user0xeeb,1
user0xfa9,0
user0xadd,0
user0x1861,0
user0xded,1
user0x18fd,0
user0x484,1
user0x4ad,0
user0x133e,1
user0x125d,1
user0x16a1,0
user0x130a,1
user0xe37,0
user0xcdf,0
user0x114b,0
user0x7d,1
user0x12b1,1
user0x18c9,0
user0x1826,0
user0x100f,0
user0xddf,1
user0x110c,1
user0x9ae,0
user0x2ad,1
user0x509,1
user0xcca,0
user0xa98,1
user0x586,0
user0xa3d,0
user0x1436,0
user0x879,0
user0x43,0
user0xb2c,1
user0x93c,1
user0x18a1,0
user0x1941,0
user0x1083,1
user0xf2a,1
user0x1a77,1
user0x96e,0
user0x473,0
user0x1553,1
user0xb3,0
user0x12aa,1
user0x17fc,0
user0x4cb,1
user0x4a1,0
user0x1905,1
user0x1638,1
user0x106d,0
user0x3a1,1
user0x1751,0
user0x143a,0
user0xcc1,0
user0x907,0
user0x1684,0
user0xa50,0
user0x14f9,1
user0x1b03,1
user0x1415,1
user0x15e5,1
user0xcb0,0
user0xe67,1
user0xced,0
user0x15,1
user0x78f,1
user0xd35,1
user0x7ce,1
user0x11e8,1
user0x391,0
user0xd6,1
user0xcd3,1
user0xa11,0
user0x1513,1
user0x1a92,0
user0x18c1,1
user0x1aa6,0
user0x1562,1
user0x186b,1
user0x72d,1
user0xda3,1
user0x158f,1
user0x10ca,0
user0x18e6,0
user0x1797,0
user0xc5,1
user0x1794,0
user0x38e,0
user0xe2c,1
user0x1305,0
user0x44,0
user0x9ea,1
user0x1982,0
user0xb7c,0
user0x891,1
user0x31f,1
user0xd95,0
user0x810,1
user0x67c,1
user0x1ad0,0
user0xde,0
user0x3f6,0
user0x1a7e,0
user0x9d0,0
user0x866,0
user0x97e,1
user0x1106,0
user0x675,1
user0x103c,0
user0x8de,1
user0xfd5,0
user0x183d,0
user0x85e,0
user0x176e,1
user0x103a,0
user0x181a,0
user0xfc2,0
user0xa39,0
user0xd04,0
user0x1393,0
user0x18af,0
user0xb5,0
user0xaf5,1
user0x19b9,0
user0x167d,1
user0x179e,1
user0x8d1,0
user0x10e6,1
user0x1525,1
user0x927,1
user0x612,1
user0x12f6,0
user0xe7a,0
user0x1767,0
user0xf7c,1
user0x1013,0
user0x1507,1
user0x17ba,1
user0x4f7,0
user0x181,0
user0x17a3,1
user0x12df,0
user0x1a83,1
user0x1a9d,1
user0x137b,0
user0x1006,0
user0x14d6,0
user0x6d9,0
user0x1458,0
user0x806,1
user0x1524,0
user0x15b6,0
user0xb3a,0
user0x54c,1
user0xb7a,0
user0xf75,0
user0x88,0
user0xec1,0
user0x13be,1
user0xca2,1
user0x1167,1
user0x784,0
user0x90f,0
user0x1261,0
user0x320,0
user0xc31,1
user0xa5c,0
user0x19d2,0
user0x61c,0
user0x7db,1
user0x39,1
user0x11ee,0
user0xa88,0
user0x163f,0
user0xe47,1
user0x6d6,0
user0xa4b,1
user0xeda,0
user0x7cf,1
user0x172a,0
user0xa2d,1
user0x1100,0
user0x118a,0
user0x420,0
user0x144c,0
user0xc44,0
user0x8a1,0
user0x177c,0
user0x103,1
user0x5ae,0
user0x156a,0
user0x111e,1
user0xc5f,0
user0x15bf,1
user0x1c9,0
user0xb27,0
user0xe6b,1
user0x12c3,0
user0x1a66,1
user0x1929,0
user0xf02,0
user0x665,1
user0x435,0
user0x71b,0
user0x955,1
user0x8cf,1
user0x10a5,0
user0xff0,1
user0x258,1
user0xd2,0
user0xe60,1
user0x18ef,0
user0x9fb,0
user0x82f,1
user0xf3d,1
user0x19ba,0
user0x244,1
user0x1974,0
user0xbb1,1
user0xa18,1
user0x4,0
user0x16e,1
user0x844,1
user0xd2a,0
user0x1a90,1
user0x5fe,0
user0xee9,0
user0x1f0,0
user0x10c,1
user0xd47,1
user0x95d,1
user0xd08,0
user0x1031,0
user0x7e,0
user0xebc,1
user0x1650,1
user0x44a,0
user0x10c4,0
user0x1704,1
user0x530,1
user0x1a8c,1
user0x5c3,1
user0x1b8,0
user0xad0,0
user0x1fa,0
user0x182f,1
user0x10d3,1
user0x19fb,0
user0x8fa,1
user0x654,1
user0x184f,0
user0x11ea,0
user0x41a,0
user0x17fb,1
user0x36c,0
user0xcb9,0
user0x570,0
user0xd2f,0
user0x1181,0
user0x3f1,0
user0xb2a,0
user0x14c1,0
user0xf99,0
user0x1619,0
user0xa2b,0
user0x8b3,0
user0x328,1
user0x158b,1
user0x75a,0
user0x334,1
user0xc20,1
user0x18b1,1
user0x1411,0
user0x1935,1
user0x1004,0
user0x14de,0
user0x4de,0
user0x6b8,1
user0x513,0
user0x1245,0
user0x3bd,0
user0xe9,1
user0xb84,1
user0x4fd,1
user0xc3f,0
user0x7b3,0
user0x6d5,0
user0x1b34,0
user0xf92,1
user0x11b9,0
user0x779,0
user0x19e4,1
user0xc07,1
user0xbfc,1
user0x14ab,0
user0x15d,1
user0x110f,0
user0xe4b,1
user0x1763,1
user0x529,1
user0x40a,1
user0x124f,0
user0x12e9,1
user0xab9,1
user0x13c5,1
user0x179c,1
user0x284,1
user0x540,0
user0x1548,1
user0x972,1
user0x11ac,1
user0xa03,1
user0x157a,0
user0x1900,0
user0xb49,0
user0x1804,0
user0x151e,1
user0x928,0
user0x1055,0
user0x8c1,0
user0xba5,0
user0x148a,1
user0x1147,1
user0x13a8,0
user0x1325,0
user0x1a0,0
user0x19ef,0
user0x582,1
user0x885,1
user0x132c,0
user0x1616,1
user0x1b36,1
user0x1082,1
user0x9e6,1
user0x1706,1
user0x1546,0
user0x14b4,0
user0x632,1
user0x1841,0
user0x1572,0
user0x65,0
user0xe0f,0
user0x194b,0
user0x5d9,1
user0x7f4,0
user0x1337,0
user0x15fc,1
user0x781,1
user0xedc,0
user0x15c3,0
user0x1954,0
user0x1b2b,1
user0x5f0,1
user0x14d2,0
user0xa6a,0
user0x110b,0
user0xc48,1
user0xf12,0
user0x6f1,1
user0x805,1
user0x4a6,1
user0x4f9,1
user0x1a82,0
user0x136d,0
user0xd0a,1
user0x1204,1
user0x1ad5,0
user0x13b0,0
user0x7c9,1
user0x119a,1
user0xf59,0
user0x1283,0
user0x16da,0
user0x1468,1
user0x6cf,1
user0x18c6,0
user0x14ce,1
user0x263,0
user0x96b,1
user0xa6b,1
user0x79b,0
user0xb33,0
user0x430,1
user0x134e,0
user0x82a,1
user0x3e5,0
user0x1240,1
user0xc50,0
user0x16bf,1
user0x12cf,0
user0xbf3,1
user0x3d9,0
user0x1786,0
user0x19e6,1
user0x2c1,0
user0xa32,0
user0x1b02,0
user0x16d4,1
user0x1865,0
user0x7fb,0
user0x1812,1
user0xbaf,1
user0xd9,0
user0x146b,1
user0x2d7,1
user0x55e,1
user0x1298,1
user0xda4,0
user0x1386,1
user0x11f,0
user0x721,0
user0x1478,1
user0xc1b,0
user0x2ae,1
user0x138d,1
user0x1689,0
user0x116c,0
user0xbe2,0
user0x1946,1
user0x3cd,0
user0x6e6,1
user0xbc4,0
user0xd4e,0
user0xd59,1
user0x47b,0
user0xfb5,0
user0x1ec,1
user0x5ef,0
user0x1718,0
user0x45a,0
user0x27c,0
user0x1aaa,1
user0x51,0
user0x18a4,1
user0xb53,0
user0xca7,0
user0x171f,0
user0xcda,1
user0x1868,1
user0x48,0
user0x16dc,1
user0xb76,1
user0xc3e,1
user0x4df,0
user0x1819,0
user0x1992,1
user0x1885,0
user0x16db,1
user0xc7a,1
user0x1770,1
user0x436,0
user0x12e7,1
user0x568,1
user0x1b2f,1
user0x11b3,0
user0x2f4,0
user0x790,1
user0xb98,0
user0x73b,0
user0xf89,0
user0x644,0
user0x110d,1
user0x8a7,1
user0x3ff,0
user0x150e,0
user0xcf4,0
user0x7c3,0
user0x1544,1
user0x1af3,1
user0x122c,1
user0xe72,0
user0x1a14,0
user0x9e1,0
user0xf44,1
user0x2ac,1
user0x15ee,0
user0x185,0
user0x628,0
user0xeee,0
user0x88c,0
user0x180c,0
user0xe8a,0
user0x1282,0
user0x6df,1
user0x3ed,1
user0x5cb,1
user0x7a9,1
user0xdd8,1
user0x16,0
user0x1220,0
user0x1879,1
user0x1766,1
user0x91b,1
user0xe23,1
user0x1145,0
user0xfaf,0
user0x171e,0
user0x9ca,1
user0xee2,1
user0xb45,1
user0x5df,0
user0xef7,0
user0x2b1,1
user0x13eb,1
user0xce0,0
user0x1bd,0
user0x5a7,0
user0x1387,0
user0xb54,1
user0x577,0
user0x153f,1
user0x1206,0
user0x111,1
user0x1a58,0
user0x1902,1
user0x1740,0
user0xd0b,1
user0x102d,0
user0x25d,1
user0x1063,0
user0x12d0,1
user0x5fc,1
user0x751,1
user0x18b6,1
user0x600,1
user0x1213,0
user0x167,1
user0x1ade,0
user0x82d,0
user0x1a48,0
user0x1e6,0
user0x189b,0
user0xfcd,0
user0x1501,1
user0x23e,0
user0xbbd,1
user0x15ff,1
user0x17cf,0
user0x1f5,1
user0xc97,0
user0x1526,0
user0x180a,0
user0x7c6,0
user0x6eb,1
user0x115f,0
user0x19e0,1
user0xde2,1
user0xf2b,1
user0x1528,1
user0x52,1
user0x8f8,1
user0x7f8,0
user0x181e,0
user0x5de,1
user0xc4,0
user0x1096,1
user0xc61,0
user0xf1b,1
user0x1028,0
user0x1622,0
user0x181d,0
user0x518,1
user0x173b,1
user0x11f1,0
user0x1a0f,0
user0xbb9,1
user0x15d6,1
user0x15dc,0
user0x11b4,1
user0x108a,0
user0x1ac,0
user0xef,1
user0x1080,1
user0x3af,0
user0x3ac,1
user0x17d8,0
user0x701,0
user0xf0d,0
user0x424,0
user0x366,1
user0x1985,1
user0x246,1
user0x99a,0
user0x18e4,0
user0xede,0
user0x1575,1
user0xdd,1
user0x1266,1
user0xcf9,0
user0x197d,0
user0x156,0
user0x1765,0
user0xd63,0
user0x512,1
user0xc51,1
user0x1530,0
user0xb9f,0
user0xa2e,1
user0x11e6,0
user0xbb0,1
user0xd5f,0
user0x625,0
user0x318,0
user0xa51,1
user0x156b,0
user0x8a9,1
user0x1077,0
user0x1863,0
user0xaa3,0
user0x11ba,1
user0x194d,1
user0x691,0
user0xf72,0
user0xffa,1
user0xb0b,1
user0x154f,0
user0xdfb,0
user0xbb6,1
user0x13d8,0
user0x170c,0
user0x614,0
user0x1375,1
user0x1c5,0
user0x1163,0
user0x2b6,1
user0x1094,0
user0x18da,0
user0x679,1
user0x1452,1
user0x24b,1
user0x168b,0
user0xe70,0
user0x22f,0
user0x179a,0
user0x8fc,0
user0x13ae,0
user0x65c,1
user0x18f4,0
user0x4f2,1
user0x1997,0
user0x3b2,1
user0x135b,1
user0xda0,0
user0x9b7,1
user0x118d,1
user0x1722,1
user0xcf5,1
user0x1320,0
user0x17c1,0
user0x1346,0
user0xa0a,0
user0xc58,0
user0x122e,0
user0x11fe,0
user0x371,0
user0x93a,0
user0x958,0
user0x1b29,0
user0x3dc,0
user0x86d,0
user0x1456,0
user0x224,1
user0x16c7,0
user0xd1f,1
user0x1b22,0
user0x10b0,0
user0x1603,0
user0xd8e,1
user0x31b,0
user0x1853,0
user0x1713,0
user0x1517,1
user0x197a,0
user0xf16,1
user0x143b,0
user0xf84,1
user0x16c3,0
user0x508,1
user0xd82,1
user0x2fb,1
user0x67e,0
user0x1a60,1
user0xda5,1
user0xb50,0
user0xf81,1
user0x3f9,1
user0x1580,1
user0x151,0
user0x250,1
user0xc84,0
user0x1030,0
user0xf90,0
user0x92b,0
user0x128e,0
user0xce,0
user0x590,1
user0xef5,1
user0xdac,1
user0x104c,0
user0x1108,0
user0xda8,0
user0xd06,1
user0xb17,1
user0x17df,0
user0x19d6,0
user0xbe1,0
user0x1b40,1
user0x141a,1
user0x66,1
user0x1700,0
user0x81c,1
user0x54d,0
user0x1323,1
user0x24d,1
user0xfb1,1
user0xce9,0
user0x17aa,1
user0xa80,0
user0x4cc,0
user0x1915,1
user0x121,0
user0x17ac,0
user0x17c6,1
user0x6de,0
user0xcf6,0
user0x968,0
user0x16f7,0
user0xeed,1
user0x142d,1
user0x880,1
user0x13b1,0
user0x7dc,0
user0xe91,0
user0x86f,0
user0xe10,0
user0x14d5,0
user0x107d,1
user0x190e,0
user0x14a5,1
user0x77b,0
user0x3be,0
user0x8d7,0
user0x572,0
user0xb96,1
user0xacc,1
user0x1a59,1
user0x10ab,0
user0x100a,0
user0x155b,0
user0x443,0
user0x76b,1
user0xa55,0
user0x1578,1
user0xc0,1
user0xf07,0
user0xc77,0
user0x14cf,0
user0x8b5,0
user0x196c,0
user0xc38,0
user0x759,1
user0x1360,1
user0x51e,0
user0x1a9c,1
user0xda1,1
user0xd36,0
user0x175a,0
user0x6b7,0
user0x14d9,0
user0xee,1
user0x130,1
user0x176c,0
user0x19f0,1
user0x68c,0
user0xc92,0
user0xd8d,0
user0x1250,1
user0x1635,1
user0x900,0
user0xf63,0
user0x10c9,0
user0xf8f,1
user0x1843,0
user0xa4f,1
user0x1007,1
user0x11e5,0
user0x1388,1
user0xb81,1
user0x16a7,0
user0x12ef,1
user0x30f,0
user0x1828,0
user0x188,1
user0x967,0
user0x134d,1
user0xb14,0
user0x789,0
user0x1017,1
user0x191b,0
user0x16ba,1
user0xe6d,0
user0x118,0
user0x402,1
user0x22d,0
user0x5b7,0
user0x685,0
user0xe49,0
user0x4e7,0
user0xaf4,0
user0xc41,0
user0x1707,1
user0x3f8,1
user0x10db,0
user0x1a42,0
user0x15a7,1
user0x1625,0
user0xef4,1
user0x13f7,1
user0xba7,1
user0x120d,0
user0x1a62,1
user0xa86,1
user0x6e8,1
user0x57b,1
user0x18aa,0
user0x12ad,1
user0x1afa,0
user0x34e,1
user0x1424,0
user0x30b,0
user0x1721,0
user0x16d3,0
user0x1192,1
user0x574,0
user0x10f8,0
user0x3a3,1
user0x1200,1
user0x163c,1
user0x4d6,0
user0x14d0,0
user0x3f3,0
user0x1903,0
user0xdf9,1
user0x66a,0
user0x1a61,1
user0x1496,0
user0x56a,0
user0xbc7,1
user0xb29,0
user0x1047,1
user0xaf7,1
user0x106e,0
user0x100c,0
user0x18ab,1
user0xa3f,0
user0x180b,1
user0x9b8,0
user0x1664,1
user0x11e4,1
user0x356,1
user0x148f,1
user0x93e,1
user0x5ad,0
user0x219,0
user0x6ae,1
user0x6a1,1
user0x966,1
user0xeb2,1
user0x1489,0
user0xd53,0
user0xfe7,0
user0x1587,1
user0x1ac6,0
user0xe5e,0
user0x1a6f,0
user0x10a4,0
user0x1ada,1
user0xdf3,1
user0x1887,0
user0xe9a,0
user0x1371,0
user0xa73,1
user0x11fc,0
user0x16f,1
user0x324,1
user0x1182,0
user0x105e,1
user0xf71,0
user0x137f,1
user0x236,0
user0xe17,0
user0xa7d,0
user0x18de,1
user0x16d0,0
user0x629,1
user0x1848,0
user0x1fb,1
user0x143f,1
user0x92f,1
user0x9f,0
user0x62,0
user0x14bd,1
user0x1132,1
user0x4ae,1
user0x29b,0
user0x35a,0
user0xf6,1
user0x1b44,0
user0x1729,1
user0x60d,1
user0x3e4,0
user0xe53,0
user0xc87,0
user0x1927,0
user0x129a,0
user0x155f,1
user0x162b,0
user0xaf9,0
user0x1806,1
user0x1a0b,1
user0x565,1
user0x194a,1
user0x12da,1
user0x1ac3,0
user0x15a8,1
user0x1033,0
user0x133c,0
user0x196e,0
user0x1a1b,0
user0x22c,1
user0xf54,0
user0x57e,1
user0x3e1,1
user0x16a5,0
user0x1510,1
user0x12a1,0
user0xb1f,1
user0x11ce,0
user0xfb0,1
user0x1646,0
user0x317,0
user0x16bd,0
user0x1678,1
user0xb24,0
user0x3e3,0
user0xfe4,0
user0xe44,0
user0xfc8,1
user0x3a6,0
user0xefc,0
user0x7a2,0
user0x6f7,0
user0x933,0
user0x6c6,0
user0x2bc,1
user0x15a1,1
user0x832,0
user0xa84,1
user0x158,1
user0x1a65,1
user0x1aa5,1
user0x95a,0
user0xab3,0
user0x439,1
user0x10a1,0
user0xcc9,1
user0x1825,0
user0x352,0
user0x126f,0
user0x1034,0
user0x20c,0
user0x1775,0
user0xa7f,0
user0x100b,0
user0x143,1
user0x142a,0
user0x14f7,0
user0xab4,1
user0x10b5,0
user0x765,1
user0x1233,0
user0xcb5,1
user0xfa2,1
user0xdc5,0
user0x14aa,0
user0x5,0
user0x6c1,1
user0x18c0,0
user0x511,0
user0xc46,1
user0xfec,1
user0xc81,0
user0x19b5,1
user0x108f,1
user0x185e,1
user0x178f,0
user0x268,1
user0x23f,1
user0xe1c,1
user0xd17,1
user0x3d0,0
user0xe3d,1
user0x27f,0
user0x132a,0
user0x9eb,1
user0xe5c,0
user0x1651,0
user0x14bf,0
user0x724,0
user0xcd1,0
user0x148c,1
user0x16e9,0
user0x49b,0
user0x120,1
user0x201,1
user0x16a6,1
user0x569,1
user0x15cd,1
user0x3db,0
user0x1b0,0
user0x11ef,0
user0x24c,1
user0xd45,1
user0xbce,1
user0x1a98,1
user0xf52,1
user0x34f,1
user0xa07,0
user0x119f,0
user0x3e,1
user0x858,1
user0x4c9,1
user0x924,0
user0x10e4,0
user0x99b,0
user0x6c,0
user0x205,1
user0x1191,0
user0x1487,0
user0x13bf,1
user0xf4c,1
user0x655,0
user0x2f5,0
user0xe9f,1
user0x40f,1
user0x1987,0
user0xf45,0
user0x173a,0
user0xe29,0
user0x59d,1
user0x1470,0
user0x15c,0
user0x61e,0
user0xe71,0
user0x83a,1
user0x729,1
user0x1280,0
user0x585,1
user0xf91,1
user0x92d,1
user0xd6e,1
user0x2bd,1
user0xa16,0
user0x109a,0
user0x9e9,0
user0x576,0
user0xc9c,0
user0x283,0
user0x10ac,0
user0x852,0
user0x1316,1
user0x72f,1
user0x3fb,0
user0x1a1d,1
user0x763,1
user0x9f1,0
user0x3c0,0
user0x412,0
user0x727,0
user0x1b41,1
user0x1b1d,1
user0xf41,0
user0x547,1
user0x800,0
user0x1855,0
user0x17a8,1
user0xac2,1
user0x1648,1
user0x62b,0
